st,state,cd,dailykos_name,largest_place,pct_trump,pct_romney,pct_mccain,totalvoters,region,division
AK,Alaska,AK-01,All of Alaska,Anchorage,0.584070796460177,0.5730569948186528,0.6104294478527608,302730,West,Pacific
AL,Alabama,AL-01,Greater Mobile,Mobile,0.6506147540983607,0.6230466780925497,0.6126760563380281,305180,South,East South Central
AL,Alabama,AL-02,Southeastern Alabama,Montgomery,0.6629213483146067,0.6334340382678751,0.6482412060301508,286509,South,East South Central
AL,Alabama,AL-03,Eastern Alabama,Auburn,0.6690573770491803,0.6286579212916247,0.6310483870967742,290670,South,East South Central
AL,Alabama,AL-04,North-central Alabama,Gadsden,0.8220858895705522,0.757085020242915,0.7419028340080972,293871,South,East South Central
AL,Alabama,AL-05,Northern Alabama,Huntsville,0.6739583333333333,0.6467611336032388,0.6329625884732053,314661,South,East South Central
AL,Alabama,AL-06,Birmingham suburbs,Hoover,0.7306501547987616,0.7505050505050505,0.7477295660948536,332222,South,East South Central
AL,Alabama,AL-07,Birmingham and the Black Belt,Birmingham,0.2906504065040651,0.2723618090452261,0.2821285140562249,291060,South,East South Central
AR,Arkansas,AR-01,Northeastern Arkansas,Jonesboro,0.6827731092436975,0.6269270298047277,0.5967078189300411,258933,South,West South Central
AR,Arkansas,AR-02,Greater Little Rock,Little Rock,0.5568544102019128,0.5604508196721312,0.5484199796126401,307772,South,West South Central
AR,Arkansas,AR-03,Northwest Arkansas,Fort Smith,0.6699134199134199,0.674562306900103,0.6526639344262295,295523,South,West South Central
AR,Arkansas,AR-04,Southern and western Arkansas,Pine Bluff,0.6722513089005235,0.6325486182190379,0.6156217882836588,269437,South,West South Central
AZ,Arizona,AZ-01,Northeastern Arizona,Flagstaff,0.5058324496288441,0.5127161749745677,0.5161943319838057,289836,West,Mountain
AZ,Arizona,AZ-02,Southeastern Arizona and eastern Tucson area,Tucson,0.4740190880169671,0.5076297049847406,0.5045592705167173,324626,West,Mountain
AZ,Arizona,AZ-03,Southwestern Arizona and western Tucson area,Tucson,0.3424657534246575,0.37538148524923703,0.4115267947421638,215110,West,Mountain
AZ,Arizona,AZ-04,North-central Arizona and Phoenix exurbs,San Tan Valley,0.7111344537815126,0.684317718940937,0.6511156186612577,301284,West,Mountain
AZ,Arizona,AZ-05,Phoenix suburbs of Mesa and Gilbert,Mesa,0.61211477151966,0.6483739837398375,0.6329625884732053,348102,West,Mountain
AZ,Arizona,AZ-06,Scottsdale and North Phoenix,Phoenix,0.5527426160337553,0.6052899287894202,0.583417593528817,352038,West,Mountain
AZ,Arizona,AZ-07,Downtown and West Phoenix,Phoenix,0.23940677966101695,0.269857433808554,0.3451417004048583,171312,West,Mountain
AZ,Arizona,AZ-08,Western suburbs of Phoenix,Peoria,0.6109358569926393,0.6257606490872211,0.6121212121212121,339314,West,Mountain
AZ,Arizona,AZ-09,Central Phoenix and eastern suburbs,Phoenix,0.4124597207303974,0.47697031729785055,0.4802431610942249,296752,West,Mountain
CA,California,CA-01,Northeastern California,Redding,0.6062567421790723,0.5841073271413829,0.5578947368421053,401881,West,Pacific
CA,California,CA-02,Northern California coast,Petaluma,0.25243770314192854,0.28125000000000006,0.2604166666666667,366238,West,Pacific
CA,California,CA-03,Southern Sacramento Valley,Fairfield,0.43254817987152033,0.44250513347022585,0.4329896907216495,275392,West,Pacific
CA,California,CA-04,Northern Sacramento suburbs and Sierra Nevada foothills and mountains,Roseville,0.5787781350482315,0.5944558521560575,0.5567010309278351,481623,West,Pacific
CA,California,CA-05,Wine country,Santa Rosa,0.25989304812834224,0.2829218106995885,0.27083333333333337,348379,West,Pacific
CA,California,CA-06,Sacramento,Sacramento,0.26068376068376065,0.2905544147843943,0.29896907216494845,250636,West,Pacific
CA,California,CA-07,Suburban Sacramento County,Elk Grove,0.4388412017167382,0.47950819672131145,0.4742268041237114,318595,West,Pacific
CA,California,CA-08,Northern San Bernardino County and the High Desert,Victorville,0.5800636267232238,0.5714285714285714,0.5670103092783506,237136,West,Pacific
CA,California,CA-09,Stockton area and eastern Contra Costa County,Stockton,0.40169133192389006,0.4096016343207355,0.422680412371134,309056,West,Pacific
CA,California,CA-10,Modesto area,Modesto,0.4840425531914894,0.48155737704918034,0.4845360824742268,247538,West,Pacific
CA,California,CA-11,Contra Costa County,Concord,0.24097664543524416,0.3073770491803279,0.288659793814433,579683,West,Pacific
CA,California,CA-12,San Francisco,San Francisco,0.0916754478398314,0.12939958592132506,0.13402061855670103,366409,West,Pacific
CA,California,CA-13,Oakland area,Oakland,0.07218683651804671,0.0932642487046632,0.10309278350515463,598012,West,Pacific
CA,California,CA-14,San Mateo County,San Francisco,0.1913774973711882,0.24130879345603273,0.24742268041237112,305622,West,Pacific
CA,California,CA-15,Eastern Alameda County,Hayward,0.257173219978746,0.3047034764826176,0.30927835051546393,526270,West,Pacific
CA,California,CA-16,Fresno area,Fresno,0.3855932203389831,0.4020408163265306,0.4123711340206186,172482,West,Pacific
CA,California,CA-17,Northeast San Jose area,San Jose,0.21716101694915252,0.26180698151950715,0.288659793814433,305363,West,Pacific
CA,California,CA-18,Silicon Valley,San Jose,0.2158119658119658,0.29763130792996906,0.27835051546391754,344523,West,Pacific
CA,California,CA-19,San Jose,San Jose,0.22775423728813557,0.2712384851586489,0.29896907216494845,261635,West,Pacific
CA,California,CA-20,Monterey Bay,Salinas,0.24786324786324784,0.26982492276004116,0.26804123711340205,262698,West,Pacific
CA,California,CA-21,Southern Central Valley and part of Bakersfield,Bakersfield,0.4183350895679663,0.4434250764525993,0.4693877551020408,136371,West,Pacific
CA,California,CA-22,Central Valley near Fresno and Tulare,Fresno,0.5501583949313622,0.5763747454175153,0.5670103092783506,246618,West,Pacific
CA,California,CA-23,Bakersfield area,Bakersfield,0.6167728237791932,0.6301229508196722,0.6288659793814433,250433,West,Pacific
CA,California,CA-24,San Luis Obispo and Santa Barbara,Santa Maria,0.3916309012875536,0.4434156378600823,0.422680412371134,320278,West,Pacific
CA,California,CA-25,Northern Los Angeles County suburbs,Santa Clarita,0.46432374866879655,0.5097435897435898,0.4948453608247423,277363,West,Pacific
CA,California,CA-26,Ventura County,Oxnard,0.38338658146964855,0.44728761514841353,0.422680412371134,301750,West,Pacific
CA,California,CA-27,San Gabriel Valley,Pasadena,0.3008474576271186,0.35860655737704916,0.3645833333333333,270289,West,Pacific
CA,California,CA-28,Burbank and Glendale,Los Angeles,0.23622881355932204,0.2737603305785124,0.27083333333333337,293728,West,Pacific
CA,California,CA-29,East San Fernando Valley,Los Angeles,0.17777777777777778,0.21025641025641023,0.2371134020618557,196707,West,Pacific
CA,California,CA-30,West San Fernando Valley,Los Angeles,0.27109704641350213,0.3295687885010267,0.3195876288659794,304380,West,Pacific
CA,California,CA-31,San Bernardino area,San Bernardino,0.3881230116648992,0.4151329243353783,0.422680412371134,233819,West,Pacific
CA,California,CA-32,East San Gabriel Valley,El Monte,0.2937433722163309,0.33265097236438074,0.3608247422680412,221790,West,Pacific
CA,California,CA-33,Coastal West Side of Los Angeles,Los Angeles,0.2810180275715801,0.37782340862423,0.3402061855670103,355296,West,Pacific
CA,California,CA-34,Downtown Los Angeles,Los Angeles,0.1134676564156946,0.14521112255406796,0.19791666666666669,184979,West,Pacific
CA,California,CA-35,Southwest San Bernardino County and Pomona,Fontana,0.2843551797040169,0.3122448979591837,0.33333333333333337,191409,West,Pacific
CA,California,CA-36,Eastern Riverside County,Indio,0.45397489539748953,0.4837067209775967,0.4845360824742268,240493,West,Pacific
CA,California,CA-37,Culver City area of Los Angeles,Los Angeles,0.10073452256033578,0.13012295081967212,0.13402061855670103,275024,West,Pacific
CA,California,CA-38,Southeastern Los Angeles County,Norwalk,0.2902542372881356,0.33707865168539325,0.3645833333333333,251006,West,Pacific
CA,California,CA-39,San Gabriel Valley and northern Orange County,Fullerton,0.4544491525423729,0.5188968335035751,0.5104166666666666,279167,West,Pacific
CA,California,CA-40,East Los Angeles,Los Angeles,0.13473684210526315,0.16836734693877553,0.19791666666666669,165511,West,Pacific
CA,California,CA-41,Riverside and Moreno Valley,Riverside,0.3517534537725824,0.3711656441717792,0.3917525773195876,209008,West,Pacific
CA,California,CA-42,Southwestern Riverside County,Corona,0.5632911392405063,0.5771195097037793,0.5567010309278351,272725,West,Pacific
CA,California,CA-43,Inland cities south of Los Angeles,Los Angeles,0.17560462670872762,0.20408163265306123,0.2268041237113402,234725,West,Pacific
CA,California,CA-44,"South Los Angeles, including Compton",Los Angeles,0.12906610703043023,0.13835198372329605,0.16494845360824742,197743,West,Pacific
CA,California,CA-45,Irvine area of Orange County,Irvine,0.4713375796178344,0.5603271983640081,0.5257731958762887,335506,West,Pacific
CA,California,CA-46,Santa Ana and the Anaheim area of Orange County,Santa Ana,0.2961783439490446,0.37090163934426235,0.4020618556701031,182994,West,Pacific
CA,California,CA-47,Long Beach area,Long Beach,0.33119658119658124,0.38461538461538464,0.4020618556701031,260248,West,Pacific
CA,California,CA-48,Coastal Orange County,Huntington Beach,0.4909670563230606,0.5598771750255885,0.5257731958762887,327524,West,Pacific
CA,California,CA-49,Southern Orange and northern San Diego Counties,Oceanside,0.4600638977635783,0.5341488277268094,0.4948453608247423,322508,West,Pacific
CA,California,CA-50,Inland San Diego County,Escondido,0.5796178343949044,0.6163265306122448,0.5979381443298969,300435,West,Pacific
CA,California,CA-51,South San Diego and Imperial County,San Diego,0.24101479915433405,0.293997965412004,0.32989690721649484,204480,West,Pacific
CA,California,CA-52,Suburban San Diego,San Diego,0.3799359658484525,0.467280163599182,0.4387755102040816,340097,West,Pacific
CA,California,CA-53,Eastern San Diego,San Diego,0.31455897980871417,0.3721881390593047,0.3711340206185567,316975,West,Pacific
CO,Colorado,CO-01,Denver,Denver,0.25162689804772237,0.294478527607362,0.2802030456852792,413656,West,Mountain
CO,Colorado,CO-02,Boulder and Fort Collins,Fort Collins,0.38309549945115257,0.40554414784394255,0.37804878048780494,482193,West,Mountain
CO,Colorado,CO-03,Pueblo and the Western Slope,Pueblo,0.5652173913043478,0.5307377049180328,0.5076297049847406,386827,West,Mountain
CO,Colorado,CO-04,Eastern Colorado and Denver exurbs,Greeley,0.6259541984732825,0.5987717502558854,0.5737538148524924,409195,West,Mountain
CO,Colorado,CO-05,Colorado Springs,Colorado Springs,0.6327433628318584,0.606776180698152,0.5969543147208122,380663,West,Mountain
CO,Colorado,CO-06,Aurora and Denver's southern suburbs,Aurora,0.4513661202185792,0.474006116207951,0.4558375634517766,390829,West,Mountain
CO,Colorado,CO-07,Denver’s northern and western suburbs,Lakewood,0.43392070484581496,0.4240246406570842,0.4148827726809379,384139,West,Mountain
CT,Connecticut,CT-01,Hartford area,Hartford,0.3793103448275862,0.35995955510616784,0.3333333333333333,331636,Northeast,New England
CT,Connecticut,CT-02,Eastern Connecticut,Norwich,0.48465608465608456,0.4324873096446701,0.40567951318458423,330165,Northeast,New England
CT,Connecticut,CT-03,New Haven area,New Haven,0.41952232606438217,0.3670374115267947,0.3663967611336033,322875,Northeast,New England
CT,Connecticut,CT-04,Southern Fairfield County,Bridgeport,0.3804573804573805,0.4439959636730575,0.39979859013091645,332196,Northeast,New England
CT,Connecticut,CT-05,Northern Fairfield County and northwestern Connecticut,Waterbury,0.4785788923719958,0.45850202429149794,0.4291497975708502,323471,Northeast,New England
DE,Delaware,DE-01,All of Delaware,Wilmington,0.4396642182581322,0.40567951318458423,0.3734817813765182,446180,South,South Atlantic
FL,Florida,FL-01,Pensacola area,Pensacola,0.7053291536050157,0.6947261663286005,0.6761133603238866,384097,South,South Atlantic
FL,Florida,FL-02,Florida panhandle,Tallahassee,0.6838842975206613,0.6551724137931033,0.6430020283975659,356733,South,South Atlantic
FL,Florida,FL-03,"North Florida, including Gainesville and Ocala",Gainesville,0.58298755186722,0.5746192893401015,0.5526315789473685,354262,South,South Atlantic
FL,Florida,FL-04,Part of the Jacksonville area and St. Augustine,Jacksonville,0.6455301455301455,0.6683518705763397,0.6484848484848486,424159,South,South Atlantic
FL,Florida,FL-05,Jacksonville and Tallahassee areas,Jacksonville,0.36934156378600824,0.35757575757575755,0.3622603430877901,313289,South,South Atlantic
FL,Florida,FL-06,Daytona area,Deltona,0.5878099173553719,0.52834008097166,0.4929149797570851,382086,South,South Atlantic
FL,Florida,FL-07,Northern Orlando suburbs,Orlando,0.46178010471204184,0.5,0.4843592330978809,366901,South,South Atlantic
FL,Florida,FL-08,Space Coast,Palm Bay,0.6077003121748179,0.5734549138804458,0.5562310030395137,406337,South,South Atlantic
FL,Florida,FL-09,Southern suburbs of Orlando,Kissimmee,0.4332988624612203,0.4383838383838384,0.4490413723511604,359373,South,South Atlantic
FL,Florida,FL-10,Orlando,Orlando,0.3609100310237849,0.3874873864783048,0.3873239436619718,318784,South,South Atlantic
FL,Florida,FL-11,North-central Florida and The Villages,Spring Hill,0.6659815005138746,0.5979797979797981,0.5683890577507599,414224,South,South Atlantic
FL,Florida,FL-12,Northern Tampa suburbs,Palm Harbor,0.5966735966735967,0.5380710659898477,0.5192697768762677,383890,South,South Atlantic
FL,Florida,FL-13,St. Petersburg area,St. Petersburg,0.48333333333333334,0.4456852791878172,0.4365482233502538,365791,South,South Atlantic
FL,Florida,FL-14,Tampa area,Tampa,0.4054054054054054,0.41700404858299595,0.4131313131313131,334852,South,South Atlantic
FL,Florida,FL-15,Lakeland and the exurbs of Tampa and Orlando,Brandon,0.551975051975052,0.52834008097166,0.5273279352226721,337740,South,South Atlantic
FL,Florida,FL-16,Sarasota area,Riverview,0.5553257497414684,0.5435222672064778,0.5176946410515672,401140,South,South Atlantic
FL,Florida,FL-17,South-central Florida,North Port,0.6399176954732511,0.5824064711830131,0.554766734279919,357334,South,South Atlantic
FL,Florida,FL-18,Treasure Coast and Palm Beach area,Port St. Lucie,0.5472279260780287,0.5186680121089808,0.48335015136226034,386373,South,South Atlantic
FL,Florida,FL-19,Cape Coral and Fort Myers,Cape Coral,0.6138002059732235,0.6098790322580645,0.5731584258324924,387960,South,South Atlantic
FL,Florida,FL-20,West Palm Beach and Fort Lauderdale areas,Miramar,0.18413021363173956,0.17168674698795183,0.18693467336683417,291357,South,South Atlantic
FL,Florida,FL-21,Southeast Palm Beach County,Boynton Beach,0.4002047082906858,0.39174219536757304,0.36153071500503525,355190,South,South Atlantic
FL,Florida,FL-22,Boca Raton and northeast Broward County,Coral Springs,0.41922290388548056,0.433031218529708,0.4128902316213494,360189,South,South Atlantic
FL,Florida,FL-23,Broward County-centered,Pembroke Pines,0.3664278403275333,0.3822937625754527,0.3756294058408862,341474,South,South Atlantic
FL,Florida,FL-24,Northern Miami,Miami,0.15666327568667343,0.13955823293172692,0.1566265060240964,268886,South,South Atlantic
FL,Florida,FL-25,Northwestern Miami suburbs and eastern Collier County across the Everglades,Hialeah,0.5092213114754099,0.5482897384305836,0.5915492957746479,269040,South,South Atlantic
FL,Florida,FL-26,Southwestern Miami area and the Florida Keys,Homestead,0.4162384378211717,0.44209466263846936,0.4818913480885312,293093,South,South Atlantic
FL,Florida,FL-27,Southern Miami area and Coral Gables,Miami,0.3993839835728953,0.4662638469284995,0.4959758551307847,302938,South,South Atlantic
GA,Georgia,GA-01,Coastal Georgia,Savannah,0.579650565262076,0.5652173913043478,0.5533199195171027,271881,South,South Atlantic
GA,Georgia,GA-02,Southwestern Georgia,Columbus,0.4404883011190234,0.4104627766599597,0.4180904522613066,248924,South,South Atlantic
GA,Georgia,GA-03,Southwestern Atlanta exurbs,Columbus,0.6622039134912462,0.666329625884732,0.6576032225579053,316627,South,South Atlantic
GA,Georgia,GA-04,Eastern Atlanta suburbs,Redan,0.2276923076923077,0.25806451612903225,0.264321608040201,302669,South,South Atlantic
GA,Georgia,GA-05,Downtown Atlanta,Atlanta,0.12280701754385966,0.1597573306370071,0.15090543259557343,305576,South,South Atlantic
GA,Georgia,GA-06,Northern Atlanta suburbs,Roswell,0.5078864353312303,0.6185147507629705,0.5953582240161452,337293,South,South Atlantic
GA,Georgia,GA-07,Northeastern Atlanta suburbs,Peachtree Corners,0.5328467153284672,0.6111675126903554,0.6058467741935484,299476,South,South Atlantic
GA,Georgia,GA-08,South-central Georgia,Warner Robins,0.6479017400204709,0.6215943491422805,0.6197183098591549,267479,South,South Atlantic
GA,Georgia,GA-09,Northeastern Georgia,Gainesville,0.8012358393408856,0.7920892494929006,0.7545454545454545,301411,South,South Atlantic
GA,Georgia,GA-10,East-Central Georgia,Athens,0.631307929969104,0.6325910931174089,0.6088709677419355,318493,South,South Atlantic
GA,Georgia,GA-11,Northwestern Atlanta suburbs and exurbs,Marietta,0.6307531380753139,0.6798780487804879,0.6494949494949496,335634,South,South Atlantic
GA,Georgia,GA-12,Augusta and southeastern Georgia,Augusta,0.5829918032786885,0.5595959595959595,0.5587939698492462,270898,South,South Atlantic
GA,Georgia,GA-13,Southwestern Atlanta suburbs,Mableton,0.2725409836065574,0.3024193548387097,0.32494969818913483,303923,South,South Atlantic
GA,Georgia,GA-14,Northwestern Georgia,Rome,0.772399588053553,0.7431472081218274,0.7186234817813765,259607,South,South Atlantic
HI,Hawaii,HI-01,Honolulu,Urban Honolulu,0.32585470085470086,0.29381965552178313,0.28701825557809335,211722,West,Pacific
HI,Hawaii,HI-02,Northern Oahu and all other islands,Hilo,0.3252747252747253,0.27217125382262997,0.25330620549338756,222381,West,Pacific
IA,Iowa,IA-01,Northeastern Iowa,Cedar Rapids,0.5186368477103301,0.4305977710233029,0.4084934277047523,397929,North Central,West North Central
IA,Iowa,IA-02,Southeastern Iowa,Davenport,0.5217853347502657,0.433502538071066,0.4214792299898683,387785,North Central,West North Central
IA,Iowa,IA-03,Des Moines and southwestern Iowa,Des Moines,0.5187165775401069,0.4787018255578094,0.4690982776089158,406398,North Central,West North Central
IA,Iowa,IA-04,Northwestern Iowa,Sioux City,0.6451271186440678,0.541033434650456,0.5086119554204661,385391,North Central,West North Central
ID,Idaho,ID-01,Idaho Panhandle and western Boise area,Nampa,0.7149270482603816,0.6683831101956745,0.6403688524590164,365736,West,Mountain
ID,Idaho,ID-02,Boise and Eastern Idaho,Boise City,0.6465005931198102,0.6594650205761317,0.6198770491803278,336046,West,Mountain
IL,Illinois,IL-01,South Side Chicago and southern suburbs,Chicago,0.22107438016528927,0.2036290322580645,0.18630412890231624,330065,North Central,East North Central
IL,Illinois,IL-02,South Side Chicago and southwestern suburbs,Chicago,0.19670442842430483,0.18649193548387097,0.18328298086606248,306945,North Central,East North Central
IL,Illinois,IL-03,Southwestern Chicago area,Chicago,0.41955835962145105,0.4324873096446701,0.4093211752786221,290037,North Central,East North Central
IL,Illinois,IL-04,Heavily Latino areas of Chicago's West and South sides and their suburbs,Chicago,0.1385099685204617,0.17448979591836736,0.18439716312056736,212948,North Central,East North Central
IL,Illinois,IL-05,North Side Chicago,Chicago,0.2531779661016949,0.32515337423312884,0.2917933130699088,327821,North Central,East North Central
IL,Illinois,IL-06,Western Chicago suburbs,Wheaton,0.46252676659528913,0.5416666666666666,0.4797160243407707,364400,North Central,East North Central
IL,Illinois,IL-07,West Side and Downtown Chicago,Chicago,0.09523809523809525,0.1191919191919192,0.09969788519637462,311990,North Central,East North Central
IL,Illinois,IL-08,Northwestern Chicago suburbs,Elgin,0.3851851851851852,0.41607324516785354,0.3762677484787018,259452,North Central,East North Central
IL,Illinois,IL-09,Northern Chicago Suburbs,Chicago,0.26210526315789473,0.33875890132248215,0.3063700707785642,345406,North Central,East North Central
IL,Illinois,IL-10,Chicago's North Shore suburbs,Waukegan,0.34460887949260044,0.4168356997971603,0.36299292214357937,296793,North Central,East North Central
IL,Illinois,IL-11,Southwestern Chicago suburbs,Aurora,0.3753976670201485,0.4126016260162602,0.37955465587044535,283751,North Central,East North Central
IL,Illinois,IL-12,Southwestern Illinois,Belleville,0.5777310924369748,0.4923391215526047,0.4435401831129196,320667,North Central,East North Central
IL,Illinois,IL-13,Central Illinois,Springfield,0.529286474973376,0.5015384615384615,0.4439918533604888,321704,North Central,East North Central
IL,Illinois,IL-14,Western Chicago exurbs,Naperville,0.520855614973262,0.5508130081300814,0.486322188449848,350666,North Central,East North Central
IL,Illinois,IL-15,East-central and southeastern Illinois,Danville,0.7426470588235294,0.6520408163265307,0.5641547861507128,325140,North Central,East North Central
IL,Illinois,IL-16,North-central Illinois,Rockford,0.5916844349680171,0.5392456676860347,0.4908350305498982,317967,North Central,East North Central
IL,Illinois,IL-17,Northwestern Illinois,Rockford,0.5037194473963867,0.4134419551934827,0.39086294416243655,293493,North Central,East North Central
IL,Illinois,IL-18,West-central Illinois,Peoria,0.6453674121405751,0.6187563710499491,0.5522842639593909,354558,North Central,East North Central
IN,Indiana,IN-01,Northwestern Indiana,Hammond,0.4341004184100418,0.3793103448275862,0.3612512613521695,309670,North Central,East North Central
IN,Indiana,IN-02,North-central Indiana,South Bend,0.6215932914046122,0.5712830957230143,0.49848331648129424,284985,North Central,East North Central
IN,Indiana,IN-03,Northeastern Indiana,Fort Wayne,0.6838235294117646,0.6364562118126273,0.5656565656565657,299251,North Central,East North Central
IN,Indiana,IN-04,West-central Indiana,Lafayette,0.6804232804232804,0.6226993865030674,0.548582995951417,310211,North Central,East North Central
IN,Indiana,IN-05,Northern Indianapolis suburbs,Indianapolis,0.5625000000000001,0.585539714867617,0.530241935483871,373002,North Central,East North Central
IN,Indiana,IN-06,Southeastern Indiana,Muncie,0.711882229232387,0.6182190378710337,0.5578093306288033,308476,North Central,East North Central
IN,Indiana,IN-07,Indianapolis,Indianapolis,0.38025210084033617,0.3601220752797558,0.33097880928355194,269316,North Central,East North Central
IN,Indiana,IN-08,Southwestern Indiana,Evansville,0.6764397905759162,0.5959183673469387,0.5126646403242148,306323,North Central,East North Central
IN,Indiana,IN-09,South-central Indiana and southern Indianapolis suburbs,Bloomington,0.6411332633788037,0.5842696629213483,0.5328614762386249,329134,North Central,East North Central
KS,Kansas,KS-01,Western Kansas,Manhattan,0.7403846153846154,0.7175025588536336,0.684317718940937,270401,North Central,West North Central
KS,Kansas,KS-02,"Topeka, Lawrence, and eastern rural Kansas",Topeka,0.5987124463519313,0.569672131147541,0.5382262996941897,303396,North Central,West North Central
KS,Kansas,KS-03,Suburban Kansas City area,Overland Park,0.49356223175965663,0.5484199796126401,0.5055724417426545,350647,North Central,West North Central
KS,Kansas,KS-04,Wichita area,Wichita,0.6459227467811159,0.6305015353121801,0.5973496432212029,282163,North Central,West North Central
KY,Kentucky,KY-01,Western Kentucky,Hopkinsville,0.7518172377985463,0.6741116751269035,0.6253807106598985,312063,South,East South Central
KY,Kentucky,KY-02,West-central Kentucky,Bowling Green,0.7097791798107256,0.6432926829268293,0.6231003039513677,325804,South,East South Central
KY,Kentucky,KY-03,Louisville,Louisville,0.42088607594936706,0.4345177664974619,0.43232323232323233,341876,South,East South Central
KY,Kentucky,KY-04,Cincinnati suburbs and northern Kentucky border area,Covington,0.68994708994709,0.6456211812627292,0.6243654822335025,340493,South,East South Central
KY,Kentucky,KY-05,Appalachian Kentucky,Somerset,0.819773429454171,0.7637474541751528,0.6782077393075355,280808,South,East South Central
KY,Kentucky,KY-06,Greater Lexington area,Lexington,0.5812964930924548,0.5693877551020408,0.5451776649746193,335359,South,East South Central
LA,Louisiana,LA-01,Suburban New Orleans,Metairie,0.720125786163522,0.7249488752556238,0.7418367346938776,362287,South,West South Central
LA,Louisiana,LA-02,New Orleans and Baton Rouge,New Orleans,0.22933884297520665,0.231237322515213,0.25708502024291496,331575,South,West South Central
LA,Louisiana,LA-03,Southwestern Louisiana,Lafayette,0.6974093264248705,0.6717479674796748,0.6531027466937944,346479,South,West South Central
LA,Louisiana,LA-04,Northwestern Louisiana,Shreveport,0.6234567901234568,0.5977710233029382,0.5961538461538461,321662,South,West South Central
LA,Louisiana,LA-05,Northeastern Louisiana,Monroe,0.6506147540983607,0.6180344478216818,0.6281661600810536,327892,South,West South Central
LA,Louisiana,LA-06,Baton Rouge suburbs,Baton Rouge,0.6764091858037579,0.6738022426095821,0.6859756097560976,362360,South,West South Central
MA,Massachusetts,MA-01,Springfield area and the Berkshires,Springfield,0.3895410885805763,0.3489318413021363,0.34458077709611457,339580,Northeast,New England
MA,Massachusetts,MA-02,Worcester area and upper Pioneer Valley,Worcester,0.3956989247311828,0.40040858018386105,0.3830439223697651,359008,Northeast,New England
MA,Massachusetts,MA-03,Lowell area and the Merrimack Valley,Lowell,0.37820512820512814,0.4211597151576806,0.40122199592668023,356667,Northeast,New England
MA,Massachusetts,MA-04,Western Boston suburbs and Bristol County,Newton,0.37154989384288745,0.4197154471544715,0.3855544252288912,389673,Northeast,New England
MA,Massachusetts,MA-05,Boston's northern and outer western suburbs,Framingham,0.2705263157894737,0.33672431332655134,0.3265513733468972,381195,Northeast,New England
MA,Massachusetts,MA-06,North Shore,Lynn,0.4050901378579003,0.4452332657200811,0.4211597151576806,408721,Northeast,New England
MA,Massachusetts,MA-07,Central Boston area,Boston,0.12395833333333336,0.15902140672782877,0.16937119675456389,305823,Northeast,New England
MA,Massachusetts,MA-08,Southern Boston suburbs,Boston,0.3628691983122363,0.41379310344827586,0.41158536585365857,391725,Northeast,New England
MA,Massachusetts,MA-09,Cape Cod and South Shore,New Bedford,0.44326617179215266,0.43711967545638947,0.4126016260162602,400544,Northeast,New England
MD,Maryland,MD-01,Eastern Shore and Baltimore exurbs,Bel Air South,0.649895178197065,0.6156982670744139,0.6081632653061224,366748,South,South Atlantic
MD,Maryland,MD-02,Suburban Baltimore area,Baltimore,0.372651356993737,0.3567787971457696,0.382262996941896,303020,South,South Atlantic
MD,Maryland,MD-03,Baltimore suburbs to Annapolis to D.C. suburbs,Baltimore,0.3396424815983175,0.3793456032719836,0.3873598369011213,344759,South,South Atlantic
MD,Maryland,MD-04,Prince George's County D.C. suburbs,Severna Park,0.20330237358101133,0.21031344792719925,0.2199798183652876,323286,South,South Atlantic
MD,Maryland,MD-05,Southern Maryland and outer Prince George's County,Waldorf,0.3336798336798337,0.3289340101522843,0.34042553191489366,361912,South,South Atlantic
MD,Maryland,MD-06,Western Maryland and Montgomery County D.C. suburbs,Germantown,0.4209424083769634,0.43673469387755104,0.4272634791454731,336126,South,South Atlantic
MD,Maryland,MD-07,Baltimore and western suburbs,Baltimore,0.21041666666666667,0.22639593908629443,0.2271805273833671,316448,South,South Atlantic
MD,Maryland,MD-08,Montgomery County,Silver Spring,0.32008368200836823,0.3673469387755102,0.3617886178861789,371688,South,South Atlantic
ME,Maine,ME-01,Portland and Augusta,Portland,0.42077087794432544,0.3905930470347648,0.3818737270875764,403573,Northeast,New England
ME,Maine,ME-02,Northern Maine,Lewiston,0.5556756756756757,0.45632065775950664,0.4428571428571429,363304,Northeast,New England
MI,Michigan,MI-01,Upper Peninsula and northern Lower Peninsula,Marquette,0.6126984126984127,0.5419615773508595,0.4933741080530071,366572,North Central,East North Central
MI,Michigan,MI-02,Western Michigan coast,Wyoming,0.5936170212765958,0.5650857719475277,0.5116988809766022,349819,North Central,East North Central
MI,Michigan,MI-03,Grand Rapids area,Grand Rapids,0.5501066098081023,0.5369059656218402,0.4944048830111902,354323,North Central,East North Central
MI,Michigan,MI-04,Central Michigan,Midland,0.6316348195329087,0.5404040404040404,0.49490835030549896,332625,North Central,East North Central
MI,Michigan,MI-05,"Flint, Saginaw, and Bay City",Flint,0.4779411764705882,0.3868686868686868,0.3591047812817904,330534,North Central,East North Central
MI,Michigan,MI-06,Southwestern Michigan,Kalamazoo,0.5445859872611465,0.5070707070707071,0.4598168870803662,333344,North Central,East North Central
MI,Michigan,MI-07,South-central Michigan,Jackson,0.590042372881356,0.5156723963599595,0.48268839103869654,343529,North Central,East North Central
MI,Michigan,MI-08,Lansing and northwestern Detroit exurbs,Lansing,0.5354497354497354,0.5156407669021191,0.47154471544715437,376470,North Central,East North Central
MI,Michigan,MI-09,Northern Detroit suburbs,Warren,0.4590336134453782,0.4228052472250251,0.4083503054989817,355739,North Central,East North Central
MI,Michigan,MI-10,"Northern Macomb County and the ""Thumb"" region",Sterling Heights,0.6687631027253669,0.5585858585858585,0.5102040816326531,361455,North Central,East North Central
MI,Michigan,MI-11,Northwestern Detroit suburbs,Livonia,0.5231578947368422,0.5272177419354839,0.4903553299492386,397969,North Central,East North Central
MI,Michigan,MI-12,Ann Arbor and Dearborn,Ann Arbor,0.3620146904512067,0.3313131313131313,0.31943031536113936,341176,North Central,East North Central
MI,Michigan,MI-13,Western Detroit,Detroit,0.18679050567595465,0.14371859296482414,0.1434343434343434,260444,North Central,East North Central
MI,Michigan,MI-14,Eastern Detroit to Pontiac,Detroit,0.18769230769230769,0.18674698795180725,0.17220543806646524,314983,North Central,East North Central
MN,Minnesota,MN-01,Southern Minnesota,Rochester,0.5812431842966194,0.4928425357873211,0.47897435897435897,342144,North Central,West North Central
MN,Minnesota,MN-02,Southern Twin Cities suburbs,Eagan,0.5065359477124184,0.49949031600407745,0.4852191641182466,380752,North Central,West North Central
MN,Minnesota,MN-03,Western Twin Cities suburbs,Bloomington,0.4490238611713666,0.4959349593495935,0.4817073170731707,403538,North Central,West North Central
MN,Minnesota,MN-04,St. Paul,St. Paul,0.3322475570032573,0.3622448979591837,0.3618756371049949,365526,North Central,West North Central
MN,Minnesota,MN-05,Minneapolis,Minneapolis,0.20065075921908895,0.24615384615384617,0.25025536261491316,368996,North Central,West North Central
MN,Minnesota,MN-06,Northern Twin Cities exurbs,St. Cloud,0.6395222584147665,0.5765306122448979,0.5587334014300306,373434,North Central,West North Central
MN,Minnesota,MN-07,Western Minnesota,Moorhead,0.665948275862069,0.55,0.5169230769230769,339774,North Central,West North Central
MN,Minnesota,MN-08,Iron Range,Duluth,0.584051724137931,0.47191011235955055,0.45594262295081966,361974,North Central,West North Central
MO,Missouri,MO-01,St. Louis and northwestern suburbs,St. Louis,0.1962421711899791,0.19129554655870443,0.1880687563195147,322778,North Central,West North Central
MO,Missouri,MO-02,Suburban St. Louis,Chesterfield,0.5542676501580611,0.5796954314720812,0.5313131313131313,430952,North Central,West North Central
MO,Missouri,MO-03,East-central Missouri,St. Charles,0.7048319327731092,0.6320081549439348,0.5659229208924949,384548,North Central,West North Central
MO,Missouri,MO-04,West-central Missouri,Columbia,0.6902748414376322,0.6270491803278688,0.5741869918699186,343968,North Central,West North Central
MO,Missouri,MO-05,Kansas City area,Kansas City,0.4287222808870117,0.4008138351983723,0.3724696356275304,329348,North Central,West North Central
MO,Missouri,MO-06,Northern Missouri,Kansas City,0.6656118143459916,0.6128702757916241,0.5619918699186991,361034,North Central,West North Central
MO,Missouri,MO-07,Southwestern Missouri,Springfield,0.740273396424816,0.6905005107252299,0.641260162601626,347243,North Central,West North Central
MO,Missouri,MO-08,Southeastern Missouri,Cape Girardeau,0.7821576763485477,0.6731358529111338,0.6103763987792472,322589,North Central,West North Central
MS,Mississippi,MS-01,Northeastern Mississippi,Southaven,0.6687116564417178,0.6258847320525783,0.6303030303030303,312944,South,East South Central
MS,Mississippi,MS-02,Mississippi Delta and Jackson,Jackson,0.3556231003039514,0.3319919517102616,0.3541247484909457,290637,South,East South Central
MS,Mississippi,MS-03,Southwestern and eastern Mississippi,Meridian,0.6248725790010193,0.6054490413723511,0.6129032258064516,323241,South,East South Central
MS,Mississippi,MS-04,Gulf Coast,Gulfport,0.7110655737704918,0.6842105263157894,0.685858585858586,284265,South,East South Central
MT,Montana,MT-01,All of Montana,Billings,0.6114718614718615,0.5705458290422245,0.5113636363636364,514853,West,Mountain
NC,North Carolina,NC-01,Durham and northeastern North Carolina,Durham,0.3112244897959184,0.3141993957703928,0.32361809045226136,357746,South,South Atlantic
NC,North Carolina,NC-02,Raleigh exurbs,Rocky Mount,0.5495867768595042,0.5656565656565657,0.5479313824419778,400739,South,South Atlantic
NC,North Carolina,NC-03,Eastern North Carolina coast,Jacksonville,0.6211498973305954,0.5903128153380424,0.5725806451612903,330796,South,South Atlantic
NC,North Carolina,NC-04,"Raleigh, Cary, Chapel Hill",Raleigh,0.29253112033195017,0.3465045592705167,0.33535353535353535,421186,South,South Atlantic
NC,North Carolina,NC-05,Winston-Salem and northwestern North Carolina,Winston-Salem,0.5905349794238682,0.5718623481781376,0.548582995951417,362991,South,South Atlantic
NC,North Carolina,NC-06,Part of Greensboro and rural Piedmont,Greensboro,0.5753846153846154,0.5640766902119071,0.5434343434343434,362874,South,South Atlantic
NC,North Carolina,NC-07,Southeastern North Carolina,Wilmington,0.5907692307692308,0.5640766902119071,0.5504032258064516,360728,South,South Atlantic
NC,North Carolina,NC-08,Charlotte suburbs to Fayetteville,Fayetteville,0.5771604938271605,0.5519677093844602,0.5433467741935484,334064,South,South Atlantic
NC,North Carolina,NC-09,South Charlotte to suburban Fayetteville,Charlotte,0.5596707818930041,0.5584677419354839,0.5443548387096775,347082,South,South Atlantic
NC,North Carolina,NC-10,Asheville and southwestern Piedmont,Gastonia,0.6262833675564682,0.5915065722952477,0.5797979797979798,359831,South,South Atlantic
NC,North Carolina,NC-11,Appalachian North Carolina,Asheville,0.6502057613168725,0.6038500506585612,0.579107505070994,371402,South,South Atlantic
NC,North Carolina,NC-12,Charlotte,Charlotte,0.2933884297520661,0.31584258324924325,0.31520644511581064,361597,South,South Atlantic
NC,North Carolina,NC-13,Greensboro and rural western Piedmont,Greensboro,0.5482546201232034,0.5343434343434343,0.5166498486377397,368387,South,South Atlantic
ND,North Dakota,ND-01,All of North Dakota,Fargo,0.6982570806100218,0.6014344262295083,0.5444330949948928,351975,North Central,West North Central
NE,Nebraska,NE-01,Lincoln and rural eastern Nebraska,Lincoln,0.6136606189967982,0.5845213849287169,0.5512690355329949,286164,North Central,West North Central
NE,Nebraska,NE-02,Greater Omaha area,Omaha,0.5116772823779193,0.5365111561866126,0.4939271255060729,294933,North Central,West North Central
NE,Nebraska,NE-03,Western Nebraska,Grand Island,0.7892518440463646,0.7163265306122449,0.6832993890020366,273650,North Central,West North Central
NH,New Hampshire,NH-01,Eastern New Hampshire,Manchester,0.5084388185654009,0.49190283400809715,0.46774193548387094,376051,Northeast,New England
NH,New Hampshire,NH-02,Western and northern New Hampshire,Nashua,0.4873417721518988,0.45086119554204657,0.4349142280524722,367384,Northeast,New England
NJ,New Jersey,NJ-01,Inner Philadelphia suburbs,Camden,0.3733195449844881,0.3417593528816987,0.34580384226491406,327835,Northeast,Middle Atlantic
NJ,New Jersey,NJ-02,Southern New Jersey coast,Vineland,0.5238095238095238,0.4590495449949443,0.4609929078014184,321057,Northeast,Middle Atlantic
NJ,New Jersey,NJ-03,Philadelphia suburbs and central Jersey Shore,Toms River,0.5320910973084887,0.4767676767676768,0.4827935222672065,368155,Northeast,Middle Atlantic
NJ,New Jersey,NJ-04,Monmouth County area,Lakewood,0.5764462809917354,0.5480283114256825,0.5419615773508595,361955,Northeast,Middle Atlantic
NJ,New Jersey,NJ-05,Northern Bergen County and northwestern exurbs,Hackensack,0.5056994818652849,0.5156723963599595,0.51010101010101,370503,Northeast,Middle Atlantic
NJ,New Jersey,NJ-06,Northern Middlesex County and northern Jersey Shore,New Brunswick,0.4194214876033058,0.3785425101214575,0.40950455005055614,290193,Northeast,Middle Atlantic
NJ,New Jersey,NJ-07,Hunterdon County and New York City's western exurbs,Westfield,0.4942767950052029,0.5313765182186235,0.5222672064777328,378092,Northeast,Middle Atlantic
NJ,New Jersey,NJ-08,Jersey City and inner New York City suburbs,Elizabeth,0.22119341563786007,0.2090909090909091,0.2620967741935484,226954,Northeast,Middle Atlantic
NJ,New Jersey,NJ-09,Paterson and inner New York City suburbs,Paterson,0.3398357289527721,0.3107971745711403,0.3548387096774194,275707,Northeast,Middle Atlantic
NJ,New Jersey,NJ-10,Newark area,Newark,0.1306122448979592,0.11569416498993965,0.1467336683417085,268983,Northeast,Middle Atlantic
NJ,New Jersey,NJ-11,Morris County area,Morristown,0.5046535677352637,0.5292929292929294,0.525731584258325,386633,Northeast,Middle Atlantic
NJ,New Jersey,NJ-12,Trenton and southern Middlesex County,Trenton,0.3285123966942149,0.32760364004044484,0.3363636363636363,317125,Northeast,Middle Atlantic
NM,New Mexico,NM-01,Albuquerque area,Albuquerque,0.4048442906574395,0.41728134878819817,0.3951367781155015,287092,West,Mountain
NM,New Mexico,NM-02,Southern New Mexico,Las Cruces,0.5566666666666668,0.5351966873706004,0.5091277890466531,236871,West,Mountain
NM,New Mexico,NM-03,Northern New Mexico,Rio Rancho,0.4146892655367232,0.40228690228690234,0.3799392097264438,279458,West,Mountain
NV,Nevada,NV-01,Las Vegas,Las Vegas,0.3460721868365181,0.3306122448979592,0.3384615384615384,196678,West,Mountain
NV,Nevada,NV-02,Northern Nevada,Reno,0.5670665212649946,0.541453428863869,0.4938524590163935,326609,West,Mountain
NV,Nevada,NV-03,Southern Las Vegas suburbs,Henderson,0.5053191489361702,0.4959266802443992,0.45463812436289497,326147,West,Mountain
NV,Nevada,NV-04,Northern Las Vegas suburbs and rural central Nevada,Las Vegas,0.47396386822529224,0.4454638124362895,0.4233128834355828,277085,West,Mountain
NY,New York,NY-01,Eastern Suffolk County,Coram,0.5635987590486039,0.49746707193515705,0.48484848484848486,342109,Northeast,Middle Atlantic
NY,New York,NY-02,Southern Long Island,Brentwood,0.5469556243550051,0.4777327935222672,0.48484848484848486,318184,Northeast,Middle Atlantic
NY,New York,NY-03,Northern Long Island,New York City,0.4685890834191555,0.4868686868686869,0.46,351920,Northeast,Middle Atlantic
NY,New York,NY-04,Long Island,Hempstead,0.4506172839506172,0.43188698284561056,0.4444444444444445,344218,Northeast,Middle Atlantic
NY,New York,NY-05,Southeastern Queens,New York City,0.1290650406504065,0.09127382146439318,0.14,247116,Northeast,Middle Atlantic
NY,New York,NY-06,Northeastern Queens,New York City,0.33024691358024694,0.31376518218623484,0.3636363636363637,209219,Northeast,Middle Atlantic
NY,New York,NY-07,Heavily Latino parts of northern Brooklyn and southwestern Queens,New York City,0.10688591983556012,0.1043566362715299,0.15151515151515152,207026,Northeast,Middle Atlantic
NY,New York,NY-08,Eastern brooklyn,New York City,0.13761467889908258,0.10261569416498992,0.14,254522,Northeast,Middle Atlantic
NY,New York,NY-09,Central Brooklyn,New York City,0.1470888661899898,0.14026236125126135,0.15151515151515152,256754,Northeast,Middle Atlantic
NY,New York,NY-10,West Side of Manhattan and part of southern Brooklyn,New York City,0.19361483007209063,0.25430597771023306,0.23232323232323235,263820,Northeast,Middle Atlantic
NY,New York,NY-11,Staten Island and part of southern Brooklyn,New York City,0.5503080082135524,0.47826086956521735,0.5151515151515151,250092,Northeast,Middle Atlantic
NY,New York,NY-12,East Side of Manhattan and nearby parts of Queens and Brooklyn,New York City,0.13946280991735538,0.2184959349593496,0.19191919191919193,307515,Northeast,Middle Atlantic
NY,New York,NY-13,Harlem area,New York City,0.05527123848515866,0.04637096774193548,0.06060606060606061,251556,Northeast,Middle Atlantic
NY,New York,NY-14,East Bronx and northern Queens,New York City,0.20307692307692307,0.18484848484848485,0.23232323232323235,195358,Northeast,Middle Atlantic
NY,New York,NY-15,The Bronx,New York City,0.04964539007092199,0.0300902708124373,0.05,191131,Northeast,Middle Atlantic
NY,New York,NY-16,Southern Westchester County and the northern Bronx,New York City,0.23053278688524595,0.25705645161290325,0.26262626262626265,286122,Northeast,Middle Atlantic
NY,New York,NY-17,Westchester County,White Plains,0.39587628865979385,0.4232323232323232,0.41414141414141414,325401,Northeast,Middle Atlantic
NY,New York,NY-18,Lower Hudson Valley,Poughkeepsie,0.509885535900104,0.4781725888324873,0.4747474747474747,319135,Northeast,Middle Atlantic
NY,New York,NY-19,Hudson Valley,Kingston,0.5358649789029536,0.46836734693877546,0.45918367346938777,326698,Northeast,Middle Atlantic
NY,New York,NY-20,Albany area,Albany,0.42857142857142855,0.3959183673469387,0.40816326530612246,330883,Northeast,Middle Atlantic
NY,New York,NY-21,North Country,Watertown,0.5740149094781682,0.4689725330620549,0.4747474747474747,285785,Northeast,Middle Atlantic
NY,New York,NY-22,Binghamton and Utica-Rome,Utica,0.5823591923485654,0.5020408163265306,0.5,294354,Northeast,Middle Atlantic
NY,New York,NY-23,Ithaca and southwestern New York,Jamestown,0.578556263269639,0.5061224489795918,0.494949494949495,296676,Northeast,Middle Atlantic
NY,New York,NY-24,Syracuse area,Syracuse,0.48089171974522293,0.4189602446483181,0.42857142857142855,315505,Northeast,Middle Atlantic
NY,New York,NY-25,Greater Rochester,Rochester,0.4133192389006342,0.40122199592668023,0.4040404040404041,335882,Northeast,Middle Atlantic
NY,New York,NY-26,Greater Buffalo,Buffalo,0.3974895397489539,0.34928716904276985,0.35714285714285715,309039,Northeast,Middle Atlantic
NY,New York,NY-27,Suburbs and rural areas between Buffalo and Rochester,Lockport,0.6290832455216017,0.5631364562118125,0.5510204081632654,351793,Northeast,Middle Atlantic
OH,Ohio,OH-01,Suburban Cincinnati,Cincinnati,0.5344467640918581,0.5309017223910841,0.5232323232323233,369668,North Central,East North Central
OH,Ohio,OH-02,Eastern Cincinnati and east along the Ohio River,Cincinnati,0.5842931937172775,0.5558943089430894,0.550253807106599,363177,North Central,East North Central
OH,Ohio,OH-03,Columbus,Columbus,0.299163179916318,0.29310344827586204,0.31712259371833834,319792,North Central,East North Central
OH,Ohio,OH-04,West-Central Ohio to North-Central Ohio,Elyria,0.6768421052631579,0.5714285714285715,0.5545361875637105,331828,North Central,East North Central
OH,Ohio,OH-05,Northwestern Ohio,Toledo,0.633085896076352,0.55,0.5315682281059063,367168,North Central,East North Central
OH,Ohio,OH-06,Appalachian Ohio,Steubenville,0.7218749999999999,0.5638406537282942,0.5429447852760737,327451,North Central,East North Central
OH,Ohio,OH-07,Canton area,Canton,0.6558237145855195,0.5485188968335035,0.5204498977505113,339787,North Central,East North Central
OH,Ohio,OH-08,Cincinnati suburbs and Springfield,Hamilton,0.6802507836990596,0.62970498474059,0.6128048780487805,349811,North Central,East North Central
OH,Ohio,OH-09,Toledo to West Side of Cleveland,Toledo,0.3834033613445378,0.3137055837563452,0.32113821138211385,308305,North Central,East North Central
OH,Ohio,OH-10,Greater Dayton area,Dayton,0.5383001049317943,0.5096642929806714,0.5,353558,North Central,East North Central
OH,Ohio,OH-11,East Cleveland to Akron,Cleveland,0.17435897435897435,0.1661631419939577,0.17338709677419353,330421,North Central,East North Central
OH,Ohio,OH-12,Northern Columbus area,Columbus,0.5594111461619348,0.5534079348931841,0.5451776649746193,398481,North Central,East North Central
OH,Ohio,OH-13,Mahoning Valley and Akron,Akron,0.46603970741901773,0.3601220752797558,0.36493374108053006,326643,North Central,East North Central
OH,Ohio,OH-14,Northeastern Ohio,Mentor,0.5600835945663531,0.5167512690355329,0.5015228426395939,380260,North Central,East North Central
OH,Ohio,OH-15,Southern Columbus area and Athens,Columbus,0.5808823529411764,0.5285132382892057,0.531027466937945,364231,North Central,East North Central
OH,Ohio,OH-16,Western suburbs of Cleveland and Akron,Strongsville,0.5868200836820083,0.54158215010142,0.5208121827411167,376034,North Central,East North Central
OK,Oklahoma,OK-01,Greater Tulsa area,Tulsa,0.6524973432518597,0.6579999999999999,0.642,313053,South,West South Central
OK,Oklahoma,OK-02,Eastern Oklahoma,Muskogee,0.761755485893417,0.6779999999999999,0.657,273131,South,West South Central
OK,Oklahoma,OK-03,Northwestern Oklahoma,Enid,0.7788359788359789,0.7390000000000001,0.7290000000000001,293831,South,West South Central
OK,Oklahoma,OK-04,Southern Oklahoma,Norman,0.698936170212766,0.671,0.661,294859,South,West South Central
OK,Oklahoma,OK-05,Oklahoma City area,Oklahoma City,0.5720430107526883,0.5920000000000001,0.5920000000000001,284829,South,West South Central
OR,Oregon,OR-01,Western Portland suburbs and North Coast,Hillsboro,0.3758169934640523,0.4110996916752313,0.3874614594039055,405110,West,Pacific
OR,Oregon,OR-02,Oregon east of the Cascades and part of southern Oregon,Bend,0.6081808396124865,0.5837615621788284,0.5540679711637487,402094,West,Pacific
OR,Oregon,OR-03,Eastern Portland area,Portland,0.24141630901287553,0.25542916235780766,0.24999999999999997,417310,West,Pacific
OR,Oregon,OR-04,Southern Willamette Valley and southern coast,Eugene,0.499457111834962,0.46535677352637017,0.4406604747162023,413104,West,Pacific
OR,Oregon,OR-05,Salem area and southern Portland suburbs,Salem,0.4772727272727273,0.4825819672131148,0.4547325102880659,396050,West,Pacific
PA,Pennsylvania,PA-01,Philadelphia's Bucks County suburbs,Levittown,0.18628454452405321,0.17036290322580644,0.20745216515609263,315066,Northeast,Middle Atlantic
PA,Pennsylvania,PA-02,Northeast Philadelphia,Philadelphia,0.07755102040816327,0.09054325955734406,0.08817635270541083,371464,Northeast,Middle Atlantic
PA,Pennsylvania,PA-03,"West, Northwest, and Center City Philadelphia",Philadelphia,0.63579604578564,0.5638945233265721,0.5304259634888439,332227,Northeast,Middle Atlantic
PA,Pennsylvania,PA-04,Philadelphia's Montgomery County suburbs,Norristown,0.612330198537095,0.579107505070994,0.5439838220424671,343486,Northeast,Middle Atlantic
PA,Pennsylvania,PA-05,Philadelphia's Delaware County suburbs and South Philadelphia,Philadelphia,0.6503131524008351,0.579107505070994,0.5223123732251521,317111,Northeast,Middle Atlantic
PA,Pennsylvania,PA-06,Philadelphia's Chester County suburbs and Reading,Reading,0.4968684759916493,0.5126646403242148,0.4646464646464647,374428,Northeast,Middle Atlantic
PA,Pennsylvania,PA-07,Lehigh Valley and southern Monroe County,Allentown,0.48805815160955346,0.5096056622851365,0.4828282828282828,391875,Northeast,Middle Atlantic
PA,Pennsylvania,PA-08,Scranton/Wilkes-Barre and northeastern Pennsylvania,Scranton,0.5010395010395011,0.5005065856129686,0.4620829120323559,392203,Northeast,Middle Atlantic
PA,Pennsylvania,PA-09,Coal Region between Wilkes-Barre and Harrisburg,Lebanon,0.7192982456140351,0.6362715298885512,0.5860323886639676,310144,Northeast,Middle Atlantic
PA,Pennsylvania,PA-10,Harrisburg and York,Harrisburg,0.687110187110187,0.6101522842639594,0.5718623481781376,316245,Northeast,Middle Atlantic
PA,Pennsylvania,PA-11,Lancaster and southern York Counties,Lancaster,0.6237006237006237,0.5477642276422765,0.5232793522267206,323979,Northeast,Middle Atlantic
PA,Pennsylvania,PA-12,Williamsport area and Northern Tier,State College,0.6076604554865425,0.585612968591692,0.5475708502024292,369831,Northeast,Middle Atlantic
PA,Pennsylvania,PA-13,South-central Pennsylvania,Altoona,0.3268041237113402,0.33198789101917253,0.34006054490413723,335311,Northeast,Middle Atlantic
PA,Pennsylvania,PA-14,Southern Pittsburgh exurbs and southwestern Pennsylvania,Murrysville,0.31606217616580307,0.3103448275862069,0.32323232323232326,350902,Northeast,Middle Atlantic
PA,Pennsylvania,PA-15,North-central Pennsylvania,Indiana,0.5395833333333334,0.5146909827760892,0.47213779128672745,339998,Northeast,Middle Atlantic
PA,Pennsylvania,PA-16,Erie and northwestern Pennsylvania,Erie,0.5357142857142857,0.5309017223910841,0.4944500504540868,322791,Northeast,Middle Atlantic
PA,Pennsylvania,PA-17,Pittsburgh suburbs and Beaver County,Allison Park,0.5522233712512926,0.4387031408308005,0.4240890688259109,310223,Northeast,Middle Atlantic
PA,Pennsylvania,PA-18,Pittsburgh,Pittsburgh,0.6014492753623188,0.5854398382204247,0.5575757575757576,374897,Northeast,Middle Atlantic
RI,Rhode Island,RI-01,Part of Providence and eastern Rhode Island,Providence,0.3658280922431866,0.3272357723577236,0.3231707317073171,219998,Northeast,New England
RI,Rhode Island,RI-02,Part of Providence and western Rhode Island,Providence,0.46267087276550994,0.3904179408766565,0.390020366598778,243968,Northeast,New England
SC,South Carolina,SC-01,Charleston and coastal South Carolina,Charleston,0.56975505857295,0.5918781725888325,0.5678137651821862,340439,South,South Atlantic
SC,South Carolina,SC-02,Augusta and Columbia suburbs,Columbia,0.5932560590094836,0.6000000000000001,0.6016177957532862,317829,South,South Atlantic
SC,South Carolina,SC-03,Northwestern South Carolina,Anderson,0.6979166666666667,0.6554878048780488,0.6440162271805274,286261,South,South Atlantic
SC,South Carolina,SC-04,Greenville-Spartanburg area,Greenville,0.6356916578669483,0.6321138211382114,0.6164801627670397,305585,South,South Atlantic
SC,South Carolina,SC-05,Southern Charlotte suburbs and exurbs,Rock Hill,0.5962539021852238,0.5582573454913881,0.5566801619433199,312006,South,South Atlantic
SC,South Carolina,SC-06,"Black Belt, Columbia, and Charleston",Columbia,0.31204943357363546,0.28383838383838383,0.2919191919191919,267918,South,South Atlantic
SC,South Carolina,SC-07,Northeastern South Carolina and the Myrtle Beach area,Florence,0.5973223480947477,0.5510616784630941,0.5419615773508595,301788,South,South Atlantic
SD,South Dakota,SD-01,All of South Dakota,Sioux Falls,0.6598712446351932,0.5920245398773006,0.54341164453524,377896,North Central,West North Central
TN,Tennessee,TN-01,Northeastern Tennessee,Johnson City,0.795643153526971,0.7388211382113821,0.7096446700507614,269717,South,East South Central
TN,Tennessee,TN-02,Knoxville area,Knoxville,0.6867088607594937,0.685336048879837,0.6497461928934011,297318,South,East South Central
TN,Tennessee,TN-03,Chattanooga area,Chattanooga,0.6841004184100419,0.6432926829268293,0.6217038539553752,282933,South,East South Central
TN,Tennessee,TN-04,Southern part of Middle Tennessee,Murfreesboro,0.7145833333333333,0.6636178861788619,0.6361788617886179,280935,South,East South Central
TN,Tennessee,TN-05,Nashville,Nashville,0.40295358649789026,0.43191056910569103,0.4180161943319838,281772,South,East South Central
TN,Tennessee,TN-06,Nashville's eastern suburbs and northern Middle Tennessee,Hendersonville,0.7538940809968847,0.7008113590263692,0.6595528455284553,302080,South,East South Central
TN,Tennessee,TN-07,Nashville's southern suburbs and western Middle Tennessee,Clarksville,0.7053291536050157,0.6663286004056795,0.6322188449848024,297395,South,East South Central
TN,Tennessee,TN-08,West Tennessee,Jackson,0.6835051546391752,0.6683518705763397,0.6474747474747474,301502,South,East South Central
TN,Tennessee,TN-09,Memphis,Memphis,0.2034943473792395,0.21068548387096775,0.2261306532663317,225767,South,East South Central
TX,Texas,TX-01,Tyler and East Texas,Tyler,0.7405128205128205,0.722502522704339,0.6969696969696969,263936,South,West South Central
TX,Texas,TX-02,Northern Houston and part of west Houston,Houston,0.5486910994764398,0.6385786802030456,0.6262626262626263,283728,South,West South Central
TX,Texas,TX-03,Collin County,Plano,0.5744234800838574,0.6527918781725888,0.6224489795918368,326087,South,West South Central
TX,Texas,TX-04,Northeastern Texas,Sherman,0.7757201646090536,0.7489878542510121,0.7070707070707071,276611,South,West South Central
TX,Texas,TX-05,Eastern edge of Dallas and rural areas to its east,Dallas,0.6463917525773196,0.6521739130434783,0.6262626262626263,234829,South,West South Central
TX,Texas,TX-06,Arlington and rural areas south of Dallas,Arlington,0.5639958376690947,0.5866261398176292,0.5757575757575757,280287,South,West South Central
TX,Texas,TX-07,West Houston,Houston,0.4926778242677825,0.6081218274111675,0.5959595959595959,262987,South,West South Central
TX,Texas,TX-08,Suburbs and exurbs north of Houston,The Woodlands,0.7525879917184265,0.7801418439716312,0.7373737373737373,298150,South,West South Central
TX,Texas,TX-09,Southwest Houston,Houston,0.1849948612538541,0.2129162462159435,0.23232323232323235,194818,South,West South Central
TX,Texas,TX-10,Austin to western Houston,Austin,0.5476439790575917,0.6036772216547498,0.5656565656565657,318751,South,West South Central
TX,Texas,TX-11,Midland and San Angelo parts of rural west Texas,Midland,0.8028895768833849,0.8016194331983806,0.7676767676767677,250298,South,West South Central
TX,Texas,TX-12,Parker and western Tarrant Counties,Fort Worth,0.6579497907949791,0.6781725888324873,0.6464646464646465,288335,South,West South Central
TX,Texas,TX-13,Texas Panhandle,Amarillo,0.8254132231404959,0.8125633232016211,0.7777777777777778,240805,South,West South Central
TX,Texas,TX-14,Galveston area,Beaumont,0.6024844720496895,0.6002024291497976,0.5757575757575757,264791,South,West South Central
TX,Texas,TX-15,McAllen in the Rio Grande Valley and rural counties to the north,McAllen,0.4136504653567735,0.4196157735085946,0.42424242424242425,186076,South,West South Central
TX,Texas,TX-16,El Paso,El Paso,0.28601472134595163,0.34954407294832823,0.35353535353535354,196722,South,West South Central
TX,Texas,TX-17,"College Station, Waco, and a slice of Austin suburbs",Waco,0.5920084121976866,0.6156982670744139,0.5858585858585859,245302,South,West South Central
TX,Texas,TX-18,Heavily black parts of central Houston,Houston,0.20725388601036268,0.23053589484327608,0.23,208598,South,West South Central
TX,Texas,TX-19,Lubbock and rural West Texas,Lubbock,0.7552083333333334,0.7464503042596349,0.7171717171717171,227821,South,West South Central
TX,Texas,TX-20,Downtown San Antonio,San Antonio,0.359916054564533,0.4026369168356998,0.41414141414141414,220219,South,West South Central
TX,Texas,TX-21,Parts of Austin and San Antonio connected by Texas Hill Country,San Antonio,0.5526315789473685,0.6120777891504606,0.5714285714285715,363431,South,West South Central
TX,Texas,TX-22,Southern Houston suburbs,Pearland,0.5410176531671859,0.6285425101214575,0.6060606060606061,312962,South,West South Central
TX,Texas,TX-23,El Paso to San Antonio,San Antonio,0.4823284823284823,0.5131578947368421,0.494949494949495,232777,South,West South Central
TX,Texas,TX-24,Suburbs north of Dallas and Fort Worth,Irving,0.532563025210084,0.6138211382113821,0.5858585858585859,282066,South,West South Central
TX,Texas,TX-25,Part of Austin and rural areas north toward Dallas-Fort Worth,Austin,0.5781741867785939,0.6131013306038895,0.5656565656565657,316307,South,West South Central
TX,Texas,TX-26,Denton County,Denton,0.6390346274921301,0.6876907426246185,0.6464646464646465,321259,South,West South Central
TX,Texas,TX-27,Corpus Christi and Victoria,Corpus Christi,0.6221532091097308,0.6129685916919959,0.5959595959595959,237548,South,West South Central
TX,Texas,TX-28,Laredo area,Laredo,0.3977272727272728,0.390909090909091,0.41414141414141414,192168,South,West South Central
TX,Texas,TX-29,Heavily Latino areas north and east of Downtown Houston,Houston,0.2632124352331606,0.33367037411526795,0.37373737373737376,136620,South,West South Central
TX,Texas,TX-30,Downtown and South Dallas,Dallas,0.1878850102669405,0.1975806451612903,0.21212121212121213,221629,South,West South Central
TX,Texas,TX-31,Williamson and Bell Counties,Round Rock,0.5673382820784729,0.6087844739530134,0.5656565656565657,293089,South,West South Central
TX,Texas,TX-32,Suburban North Dallas,Dallas,0.4900105152471083,0.5786802030456853,0.5555555555555556,283583,South,West South Central
TX,Texas,TX-33,Connects Downtown Fort Worth and western Dallas,Fort Worth,0.24534161490683223,0.27346115035317864,0.31,131573,South,West South Central
TX,Texas,TX-34,Brownsville in the Rio Grande Valley and rural counties to the north,Brownsville,0.38906088751289986,0.3864783047426842,0.393939393939394,174535,South,West South Central
TX,Texas,TX-35,San Antonio and heavily Latino areas of Austin,San Antonio,0.32241014799154333,0.3545081967213115,0.35714285714285715,202142,South,West South Central
TX,Texas,TX-36,Southern part of East Texas,Baytown,0.7407407407407407,0.7401415571284126,0.6969696969696969,256141,South,West South Central
UT,Utah,UT-01,Ogden and northern Utah,Ogden,0.6893203883495146,0.7914110429447853,0.6972193614830072,275926,West,Mountain
UT,Utah,UT-02,Salt Lake City and southwestern Utah,Salt Lake City,0.5897435897435898,0.6995884773662552,0.6037151702786377,276025,West,Mountain
UT,Utah,UT-03,Provo area and southeastern Utah,Provo,0.6695035460992907,0.8006134969325153,0.6958762886597939,280440,West,Mountain
UT,Utah,UT-04,Southern Salt Lake County and rural areas to the south,West Jordan,0.5468531468531468,0.6899383983572895,0.5783505154639176,275019,West,Mountain
VA,Virginia,VA-01,Western Chesapeake Bay and exurbs of D.C. and Richmond,Mechanicsville,0.5654008438818565,0.5602836879432624,0.5584677419354839,395102,South,South Atlantic
VA,Virginia,VA-02,Virginia Beach,Virginia Beach,0.5180467091295117,0.5116514690982775,0.5161616161616162,328318,South,South Atlantic
VA,Virginia,VA-03,Hampton Roads,Newport News,0.33403141361256544,0.31648129423660265,0.3413897280966767,324746,South,South Atlantic
VA,Virginia,VA-04,Richmond and Southside Virginia,Richmond,0.38726513569937365,0.3896761133603239,0.3941532258064516,365223,South,South Atlantic
VA,Virginia,VA-05,Charlottesville and South-central Virginia,Charlottesville,0.5579937304075235,0.5335365853658537,0.5272727272727273,368707,South,South Atlantic
VA,Virginia,VA-06,Shenandoah Valley,Roanoke,0.63107822410148,0.5981688708036622,0.583417593528817,347866,South,South Atlantic
VA,Virginia,VA-07,Suburban Richmond,Tuckahoe,0.5343915343915343,0.5531914893617021,0.5473790322580645,390797,South,South Atlantic
VA,Virginia,VA-08,Inner D.C. suburbs,Arlington,0.22139830508474576,0.31376518218623484,0.33097880928355194,374319,South,South Atlantic
VA,Virginia,VA-09,Southwest Virginia,Blacksburg,0.7159209157127991,0.6438775510204082,0.5973630831643002,318566,South,South Atlantic
VA,Virginia,VA-10,Loudoun County and D.C. suburbs and exurbs,Ashburn,0.4470338983050848,0.5055724417426545,0.5,410186,South,South Atlantic
VA,Virginia,VA-11,D.C. suburbs in Fairfax and Prince William Counties,Dale City,0.2913135593220339,0.3674089068825911,0.38810483870967744,361160,South,South Atlantic
VT,Vermont,VT-01,All of Vermont,Burlington,0.3482758620689655,0.31771894093686354,0.31097560975609756,319265,Northeast,New England
WA,Washington,WA-01,Northern Seattle suburbs,Kirkland,0.4113166485310119,0.44455852156057496,0.42668024439918534,367489,West,Pacific
WA,Washington,WA-02,Northern Puget Sound,Everett,0.37949836423118866,0.3909465020576132,0.383282364933741,342905,West,Pacific
WA,Washington,WA-03,Vancouver and southwestern Washington,Vancouver,0.5400432900432901,0.5087179487179487,0.4806122448979592,331061,West,Pacific
WA,Washington,WA-04,Yakima and the Tri-Cities,Yakima,0.6225806451612903,0.6116803278688524,0.600407747196738,254417,West,Pacific
WA,Washington,WA-05,Spokane area and rural eastern Washington,Spokane,0.5717415115005476,0.5504115226337448,0.5251282051282051,336042,West,Pacific
WA,Washington,WA-06,Olympic Peninsula and Tacoma,Tacoma,0.4326396495071194,0.42343268242548815,0.4177732379979571,348641,West,Pacific
WA,Washington,WA-07,Seattle,Seattle,0.12937433722163308,0.18602261048304217,0.18292682926829268,430178,West,Pacific
WA,Washington,WA-08,Eastern Seattle suburbs and two rural counties east of the Cascades,Auburn,0.48376623376623373,0.4918200408997955,0.4760935910478128,337500,West,Pacific
WA,Washington,WA-09,Southeastern Seattle and the suburbs to its south and east,Bellevue,0.24840085287846483,0.30234933605720127,0.3035532994923858,303206,West,Pacific
WA,Washington,WA-10,Olympia area and Tacoma suburbs,Lakewood,0.4375,0.4219712525667352,0.4175152749490834,309846,West,Pacific
WI,Wisconsin,WI-01,Southeastern Wisconsin,Kenosha,0.5542676501580611,0.5212121212121212,0.4863498483316481,364660,North Central,East North Central
WI,Wisconsin,WI-02,Madison area,Madison,0.3059071729957806,0.30870445344129555,0.28976697061803447,420404,North Central,East North Central
WI,Wisconsin,WI-03,Southwestern Wisconsin,Eau Claire,0.5239107332624867,0.44421906693711966,0.3969543147208122,366794,North Central,East North Central
WI,Wisconsin,WI-04,Milwaukee,Milwaukee,0.22755741127348644,0.24016145307769932,0.24848484848484848,316792,North Central,East North Central
WI,Wisconsin,WI-05,Milwaukee suburbs,Waukesha,0.6061246040126715,0.6191919191919192,0.5777777777777778,406809,North Central,East North Central
WI,Wisconsin,WI-06,Fox River Valley and Sheboygan,Oshkosh,0.5894179894179894,0.5369059656218402,0.49949341438703143,373471,North Central,East North Central
WI,Wisconsin,WI-07,Northwestern Wisconsin,Wausau,0.6077812828601472,0.5157041540020264,0.4598984771573604,375980,North Central,East North Central
WI,Wisconsin,WI-08,Northeastern Wisconsin,Green Bay,0.5928270042194093,0.5187057633973711,0.4559270516717325,375229,North Central,East North Central
WV,West Virginia,WV-01,Northern West Virginia,Parkersburg,0.7203389830508474,0.6366427840327533,0.5773930753564156,242185,South,South Atlantic
WV,West Virginia,WV-02,Charleston to the Eastern Panhandle,Charleston,0.6911764705882353,0.6122448979591837,0.554766734279919,256228,South,South Atlantic
WV,West Virginia,WV-03,Southern West Virginia,Huntington,0.75678496868476,0.6646216768916156,0.5683673469387756,219354,South,South Atlantic
WY,Wyoming,WY-01,All of Wyoming,Cheyenne,0.7570194384449244,0.7118997912317327,0.6659856996935648,257117,West,Mountain
